kmer,sample,current_mean,current_std,n,noise_mean,dwell_mean,dwell_std
AACAA,control,740.8055555555555,136.3834081836122,9,22.910882306041913,0.002,0.0006
AACAC,control,807.6,74.57731508928117,10,35.71392616786062,0.0021599999999999996,0.000758946638440411
AACAC,modified,887.5,80.61017305526642,2,56.19137999365141,0.0036,0.0
AACAG,control,837.9895833333333,116.88908592224551,8,35.37111946623902,0.0021,0.0005554920598635308
AACAG,modified,751.1666666666666,,1,10.213009133235689,0.0024,
AACAT,control,818.9318181818181,118.29286760093579,11,34.97172531496104,0.0020727272727272725,0.0005605192397962965
AACAT,modified,841.0925925925926,153.2563447353684,3,45.88606379845419,0.0024,0.0012
AACCA,control,769.8333333333333,121.34567081440039,8,37.73592656226445,0.00195,0.0006210590034081187
AACCA,modified,749.1666666666667,131.99326582148888,2,21.355827796545398,0.0012,0.0
AACCC,control,786.3787878787879,70.69501557587162,11,47.62358759682843,0.0018545454545454544,0.0008250619811427946
AACCG,control,811.9708333333333,99.79544603325647,20,43.3774039108158,0.0021599999999999996,0.0016333369137089295
AACCG,modified,1012.6666666666666,,1,12.133516482134196,0.0012,
AACCT,control,797.0520833333334,85.62535989380976,8,47.57186978469935,0.0021,0.0005554920598635308
AACCT,modified,768.1770833333333,114.21247655290222,2,39.48257296356045,0.005999999999999999,0.005091168824543141
AACGA,control,811.4861111111112,123.70453370127207,12,64.4695942697068,0.0025,0.0008022695081058257
AACGC,control,809.5402777777778,111.66855390950067,12,26.447528093296203,0.0025,0.0030469060313105104
AACGC,modified,742.3333333333334,,1,82.00541987508441,0.0012,
AACGG,control,708.5,83.52793187934441,12,41.130204157959604,0.0015999999999999999,0.000590839156700797
AACGG,modified,845.5,17.206265008872602,2,45.19462307728222,0.0012,0.0
AACGT,control,765.8402777777778,78.31176916680708,8,63.2099911552714,0.00225,0.0007690439333539868
AACGT,modified,829.5,67.8404992119997,3,6.296519969483377,0.0012,0.0
AACTA,control,777.1768518518519,114.33556031524083,12,57.539229616373014,0.0026,0.0015207653575510173
AACTA,modified,717.1666666666666,,1,8.914719413544221,0.0024,
AACTC,control,789.125,82.59524290922917,10,52.00692967870431,0.0024,0.000565685424949238
AACTC,modified,880.0,,1,11.430952132988164,0.0024,
AACTG,control,762.3229166666666,98.65126606702513,8,34.801484748084604,0.00165,0.0006210590034081187
AACTG,modified,909.3194444444445,118.64721997856489,4,13.350480114763762,0.0026999999999999997,0.0006
AACTT,control,837.8116883116883,64.64403441403248,11,27.718185422586963,0.0022909090909090904,0.002109717775179678
AACTT,modified,887.0,,1,15.821925715074425,0.0012,
ACCAA,control,783.2350427350427,94.8401606490485,13,26.630266545459634,0.0019384615384615382,0.000780532362705589
ACCAA,modified,786.25,49.8510280736516,2,29.61768675606148,0.0018,0.0008485281374238569
ACCAC,control,769.8262973137972,140.10526707709798,13,47.572918800922324,0.004707692307692308,0.00396368127260117
ACCAC,modified,924.35,99.56197539444689,3,21.42016495194258,0.0036000000000000003,0.002078460969082653
ACCAG,control,829.0511183261184,48.3957166550879,10,65.86841435031343,0.0048000000000000004,0.004195235392680606
ACCAG,modified,913.65,116.46048686142441,2,65.18222765354118,0.0048000000000000004,0.001697056274847714
ACCAT,control,819.1391975308642,76.11578695107086,15,54.734392745840424,0.00416,0.005128742535943875
ACCAT,modified,844.9166666666666,,1,130.41884982198275,0.0024,
ACCCA,control,918.5069444444445,102.25510356900676,8,35.38973941942013,0.0019499999999999997,0.001425281926998505
ACCCA,modified,964.0,,1,9.433981132056603,0.0012,
ACCCC,control,767.4090909090909,117.71904201757398,11,19.77852312690734,0.0016363636363636363,0.0006054299749314155
ACCCG,control,887.6145833333333,69.28874360695617,8,47.55144816477858,0.00225,0.001189237450758138
ACCCG,modified,829.3333333333334,,1,11.115554667022044,0.0012,
ACCCT,control,784.5864197530864,99.533152682986,18,40.0786941505518,0.0019333333333333331,0.0007292219866970228
ACCCT,modified,630.0,,1,13.144496102086904,0.0036,
ACCGA,control,768.3737373737374,95.99348322437736,11,45.373234949042995,0.0021818181818181815,0.000900908632235458
ACCGA,modified,698.5833333333334,,1,21.87257923113372,0.0048,
ACCGC,control,779.9074074074074,105.1890365508394,9,23.246980124006836,0.002133333333333333,0.0008000000000000003
ACCGC,modified,869.65,20.71822868876581,2,47.63342848990849,0.0036,0.0033941125496954284
ACCGG,control,830.610380116959,110.13170158481222,19,56.89610715559934,0.002589473684210526,0.001001052078144736
ACCGG,modified,729.7222222222222,31.77463319717179,3,68.96904666565568,0.0024,0.0
ACCGT,control,830.6069444444445,70.74952681100758,10,28.719043490386486,0.0025199999999999997,0.0010507140429250957
ACCGT,modified,795.0555555555555,157.52180918961784,3,9.62290190528018,0.0024,0.0012
ACCTA,control,888.0615961199295,131.02021830270687,18,30.029438960163574,0.0026666666666666666,0.0018201486687824675
ACCTA,modified,905.5833333333334,40.2922483584346,3,26.766492010035734,0.0024,0.0
ACCTC,control,802.2650883838382,84.5985383068215,11,72.3941515033178,0.005672727272727273,0.005315090010355593
ACCTG,control,815.4259259259259,87.5801834436398,9,43.98338874501044,0.002666666666666666,0.0013114877048604002
ACCTG,modified,825.375,115.31733089850607,2,85.16838216624677,0.0042,0.004242640687119285
ACCTT,control,734.0786492374727,95.69264146887322,9,53.81247703933751,0.004933333333333334,0.006013318551349164
AGCAA,control,756.2651515151515,99.25921324562982,11,60.981579274559344,0.0021818181818181815,0.00048542390097353424
AGCAA,modified,840.2916666666667,242.83225377248013,2,18.13123450572335,0.0018,0.000848528137423857
AGCAC,control,860.4924242424241,104.99862072206166,11,22.896904625945734,0.0020727272727272725,0.000776003748819436
AGCAC,modified,769.5555555555555,105.48108484111857,3,43.5413415541039,0.0015999999999999999,0.0006928203230275508
AGCAG,control,820.3518518518518,90.94532257093196,9,26.05575695754384,0.0018666666666666666,0.0006324555320336758
AGCAG,modified,773.0833333333333,198.5791543832221,2,8.256799739976747,0.0018,0.000848528137423857
AGCAT,control,758.9038461538462,67.35417071479733,13,45.43271946224859,0.002030769230769231,0.0016529693561308668
AGCAT,modified,978.4166666666666,,1,7.296783918655914,0.0024,
AGCCA,control,788.8703703703703,133.88443471728857,9,29.56812082085806,0.0015999999999999999,0.0006
AGCCA,modified,851.2777777777778,179.9193921019104,2,34.43082083912191,0.0024,0.001697056274847714
AGCCC,control,811.25,63.792912727713805,8,38.53384792075392,0.00195,0.0006210590034081186
AGCCC,modified,805.4166666666666,,1,15.035836820373149,0.0024,
AGCCG,control,753.9831154684096,98.2120331959352,9,57.1050744187689,0.004,0.006177378084592201
AGCCT,control,776.7861111111112,109.84358817504427,10,33.02174458430093,0.0020399999999999997,0.0018804254837669052
AGCGA,control,817.7307692307693,84.9930086575083,13,31.61100513472128,0.003046153846153846,0.0031221294508223564
AGCGA,modified,753.3055555555555,115.96124033166973,3,18.21150220495936,0.0024,0.0
AGCGC,control,875.0305719921105,116.35428473253914,13,40.090278113157034,0.0029538461538461537,0.0038454768634972056
AGCGG,control,831.7662037037038,87.42360899653721,12,36.68788344085856,0.0018999999999999998,0.0009515537533185108
AGCGG,modified,895.6458333333333,83.29128626726542,2,56.1943153098118,0.0036,0.0016970562748477138
AGCGT,control,779.3690476190476,132.02175307309508,14,34.98048316766635,0.001971428571428571,0.0005966941897186162
AGCGT,modified,907.8333333333334,,1,14.926672621704933,0.0036,
AGCTA,control,816.8183760683761,73.45598838314497,13,29.1543872745587,0.0020307692307692305,0.0007565102063473381
AGCTC,control,745.8958333333334,97.64672263049174,8,58.15979261461056,0.0024,0.0012828539611796368
AGCTC,modified,748.9791666666666,137.17598819075855,4,9.608744933987097,0.0021,0.0011489125293076058
AGCTG,control,814.7061965811965,135.16517766146524,13,37.5489264693648,0.0023076923076923075,0.0010347797982030915
AGCTT,control,720.2098765432098,110.78277104043043,9,24.332514810273047,0.002533333333333333,0.0011135528725660043
ATCAA,control,784.8970164609053,88.88718080214555,18,68.6538877212542,0.0028,0.0024695796260521276
ATCAA,modified,731.4444444444443,55.04318590720213,3,39.89828684560654,0.0019999999999999996,0.0006928203230275509
ATCAC,control,794.7638888888889,107.33714516178209,10,26.874612442224667,0.00264,0.0017708754896942924
ATCAC,modified,800.3472222222222,96.97183829772179,2,62.257337563423306,0.0042,0.0008485281374238568
ATCAG,control,780.3946428571428,98.90316467335768,16,50.39146593314251,0.0033,0.0017798876369029592
ATCAG,modified,811.9833333333333,152.06653331866139,5,18.983714782605727,0.0024,0.0008485281374238569
ATCAT,control,806.9138287638287,77.22890592514625,12,52.19343638904609,0.005499999999999999,0.004839609300534309
ATCAT,modified,939.1666666666666,,1,10.05678322769706,0.0012,
ATCCA,control,817.6807291666667,110.12404605729661,16,42.281915766678374,0.00315,0.0028354893757515653
ATCCA,modified,809.2083333333333,139.59365011624908,5,51.285343268148736,0.0024,0.0014696938456699067
ATCCC,control,724.7367724867725,96.27240945733013,9,58.052905798920925,0.0030666666666666668,0.002253885533916929
ATCCC,modified,689.5833333333333,102.41263214185162,2,40.135890147992825,0.0018,0.000848528137423857
ATCCG,control,822.2013888888889,58.574561217147036,8,35.37014917818872,0.0025499999999999997,0.001189237450758138
ATCCG,modified,759.1770833333334,80.86372835615114,4,28.562670768946283,0.0033,0.0011489125293076058
ATCCT,control,811.7077546296296,118.01887057984135,12,27.304841704236015,0.0032999999999999995,0.002564796642656454
ATCCT,modified,817.6203703703704,52.86277917870544,2,74.14758094922489,0.012,0.013576450198781714
ATCGA,control,757.5981481481482,134.76850216247698,15,46.95396137058987,0.0028799999999999997,0.0011827329127309947
ATCGA,modified,893.1666666666666,,1,5.398044913567216,0.0012,
ATCGC,control,807.1583333333333,124.35416771374315,10,52.38496087817928,0.00228,0.001193314711214104
ATCGC,modified,606.8333333333334,,1,5.742144392317405,0.0024,
ATCGG,control,806.8783333333333,126.4186336812946,20,52.67546213942846,0.0021,0.0012234549870196118
ATCGG,modified,918.5,,1,57.48550541948234,0.0012,
ATCGT,control,845.6575757575758,133.5065273644235,8,23.919957003657675,0.0054,0.004580704874018533
ATCGT,modified,860.5833333333334,9.545941546018392,2,41.599861647856436,0.003,0.000848528137423857
ATCTA,control,742.5277777777778,137.38206662821958,8,23.497433276677814,0.0021,0.000848528137423857
ATCTA,modified,901.5555555555555,118.95107407960363,2,49.405831204096174,0.0024,0.001697056274847714
ATCTC,control,849.8113636363636,70.08024886917609,11,37.70720397197542,0.0033818181818181816,0.003027149874657078
ATCTG,control,728.3161375661376,106.97369711388237,9,60.38100964954291,0.0034666666666666665,0.0021999999999999997
ATCTT,control,823.9343434343434,56.319271848930306,11,49.42067624891916,0.0028363636363636364,0.0016341803616937312
CACAA,control,805.6276455026455,92.91568223679,18,59.41871302480816,0.0027999999999999995,0.001697056274847714
CACAA,modified,837.1111111111112,71.62330729691386,3,36.13549950088531,0.0015999999999999999,0.0006928203230275508
CACAC,control,745.9444444444445,99.99815102457308,9,44.077053826423715,0.0018666666666666666,0.0006324555320336758
CACAC,modified,762.0833333333334,23.33452377915607,2,49.98356314523009,0.0024,0.0
CACAG,control,787.0610119047619,88.91828215878418,8,34.1829150266237,0.0026999999999999997,0.0023784749015162755
CACAG,modified,816.3055555555555,107.53986125739262,3,22.044934544698393,0.0015999999999999999,0.0006928203230275508
CACAT,control,747.9259259259259,116.2663328165335,9,28.230287771920942,0.0024,0.000848528137423857
CACCA,control,768.4583333333334,124.84180465884089,8,38.80255708638268,0.0016499999999999998,0.0006210590034081188
CACCA,modified,928.625,,1,8.92007333676878,0.0048,
CACCC,control,797.8144444444445,110.37455156758216,10,74.23960233551202,0.00276,0.001391402170474087
CACCC,modified,868.4583333333333,27.51823890117649,2,106.91867374195841,0.003,0.0008485281374238573
CACCG,control,821.7731801593137,105.00094727836903,2232,28.99909894061053,0.0015661290322580644,0.000774446015861054
CACCG,modified,861.5523570793484,105.83420344731901,1155,29.20248263679457,0.0014825974025974025,0.0013395206622790943
CACCT,control,812.1835069444444,92.4524958125184,16,29.02156991072101,0.00225,0.0014449913494550754
CACCT,modified,950.7777777777777,138.81883233148358,5,14.937010951112057,0.0016799999999999999,0.001073312629199899
CACGA,control,806.2401515151515,100.34386342985951,11,48.33910197840451,0.0020727272727272725,0.0017047527146720777
CACGC,control,792.8934038485623,97.80305836137347,2239,35.68794604957637,0.001979276462706565,0.0010277991331137152
CACGC,modified,828.2103095585951,95.68850584118232,1203,39.98889802397991,0.0023860349127182044,0.004603789709499763
CACGG,control,841.1333333333334,71.53578919535641,10,34.37074835991174,0.0019199999999999998,0.0006196773353931866
CACGG,modified,908.2777777777778,100.36950252460684,3,26.55176462224927,0.0012,0.0
CACGT,control,854.8981481481482,84.84798270880155,9,26.779150139582647,0.0014666666666666667,0.0005291502622129181
CACGT,modified,865.4583333333333,66.05555847584324,2,57.36038238098082,0.0024,0.0
CACTA,control,729.8032407407408,136.36663268507874,12,24.92293261772876,0.0023,0.0006179143806533247
CACTA,modified,632.0,,1,39.05124837953327,0.0012,
CACTC,control,804.9416666666666,93.46190755372075,10,64.34112130223677,0.00228,0.0006811754546370561
CACTC,modified,793.5833333333334,,1,16.675622593741107,0.0024,
CACTG,control,737.5972222222222,98.36442316339823,8,35.47303345531869,0.00195,0.0008928285709714138
CACTG,modified,744.25,,1,106.05118654058836,0.0024,
CACTT,control,776.35,126.70780268754079,15,43.50549016486858,0.00216,0.00092951600308978
CACTT,modified,821.0,,1,79.6596928607352,0.0012,
CCCAA,control,861.7534722222222,87.39292445386387,8,34.92292060888635,0.003,0.0009071147352221453
CCCAA,modified,830.1875,148.85165955045963,4,34.938850973303005,0.0026999999999999997,0.0006000000000000001
CCCAC,control,785.0088383838385,137.8789850437503,11,36.78484538047066,0.0031636363636363633,0.0023559595613137025
CCCAC,modified,665.625,19.740064308124506,2,42.0327096802239,0.0024,0.0
CCCAG,control,845.6010101010102,60.66169631746407,11,43.48616757835034,0.0028363636363636364,0.0024163082283817712
CCCAG,modified,658.3333333333334,,1,5.849976258261416,0.0012,
CCCAT,control,798.2094444444444,85.87088167684578,10,41.16375267169163,0.00276,0.001391402170474087
CCCAT,modified,854.6574074074074,100.06262056821929,3,78.06864725759475,0.0024,0.0012
CCCCA,control,852.6075757575757,96.64273306118443,11,19.517866252219783,0.0018545454545454544,0.001456271702920603
CCCCA,modified,822.5,,1,69.40561136456395,0.0036,
CCCCC,control,807.0995370370371,81.55811470602679,12,48.88394064752321,0.0026,0.0019031075066370219
CCCCC,modified,908.3703703703704,84.3290309415068,2,76.9514087208116,0.0066,0.0059396969619669995
CCCCG,control,874.801282051282,125.13544300253866,13,22.664644606386727,0.0014769230769230768,0.0009984603532054125
CCCCG,modified,869.7083333333333,35.06071123383305,2,21.71112333443315,0.0018,0.000848528137423857
CCCCT,control,799.8888888888889,77.59604263964324,9,33.33088783812578,0.0012,0.0
CCCGA,control,832.6492504409172,126.25060282596888,18,47.989154022293235,0.002733333333333333,0.0016363517527791906
CCCGA,modified,853.6018518518518,89.63169811280135,3,47.627991387697904,0.0028,0.0006928203230275509
CCCGC,control,869.4618055555555,82.59701296612323,16,32.75826331519762,0.00195,0.0007429670248402683
CCCGC,modified,758.45,133.77087843273907,5,36.524548245265116,0.0021599999999999996,0.0005366563145999495
CCCGG,control,768.3805555555556,109.10392210136733,10,56.232285894214044,0.00276,0.0017933209417167915
CCCGG,modified,696.0,,1,19.48931331097464,0.0024,
CCCGT,control,846.65,66.20921246182299,7,50.67835737833108,0.002742857142857143,0.0015042796092672212
CCCTA,control,845.0021645021644,81.7035136260207,11,34.37808560589402,0.0028363636363636364,0.002027448015251058
CCCTA,modified,906.0,,1,34.38022687534217,0.0012,
CCCTC,control,759.2852891156463,105.0009827784603,14,40.156609471722106,0.0025714285714285713,0.0019324868678740079
CCCTC,modified,718.8333333333334,,1,6.413960468297953,0.0024,
CCCTG,control,812.9012345679013,117.13552786715658,9,29.156256055757677,0.002666666666666666,0.0005291502622129182
CCCTT,control,815.3670634920635,105.86022911413977,7,40.53732217178554,0.002914285714285714,0.0011710800875382398
CGCAA,control,738.037037037037,81.9646891188253,9,64.3316170165163,0.002133333333333333,0.0007999999999999999
CGCAC,control,816.8827139079546,98.14486685772982,2234,32.862875412614265,0.0016888093106535362,0.0007782938131808705
CGCAC,modified,852.9818675096008,105.0629726057229,1204,33.07911687194419,0.002150830564784053,0.016435595081316767
CGCAG,control,779.199494949495,152.0099695287752,11,22.461863715171784,0.0018545454545454544,0.0008250619811427943
CGCAG,modified,769.513468013468,93.00767792816765,3,29.67832244082686,0.005999999999999999,0.0063498031465550175
CGCAT,control,825.9027777777777,72.98560497762979,10,28.09629537220318,0.0019199999999999998,0.0008390470785361212
CGCAT,modified,758.1666666666667,55.625733453341674,2,36.76359337278638,0.0024,0.0
CGCCA,control,832.6315789473684,137.8232264751134,19,29.445218317331086,0.0016421052631578946,0.0005947135533400225
CGCCA,modified,796.5,134.1989609166596,3,37.61803061934558,0.0012,0.0
CGCCC,control,786.4149305555555,86.67156784240605,8,36.40942664506375,0.0026999999999999997,0.001063686312513502
CGCCG,control,797.4416666666667,64.90685455726938,10,29.938042824946017,0.0016799999999999999,0.0006196773353931866
CGCCG,modified,666.3333333333334,,1,6.018490028422597,0.0012,
CGCCT,control,769.764880952381,126.70198521516294,14,49.89114250002724,0.0017999999999999997,0.0010258204971181322
CGCCT,modified,1078.5833333333333,,1,28.56121593272169,0.0024,
CGCGA,control,734.1858974358973,90.42474460744654,13,50.73999530971631,0.0019384615384615384,0.0006076436202502
CGCGA,modified,624.9166666666667,15.674200316301738,2,14.81124610185299,0.0012,0.0
CGCGC,control,779.088886651082,92.15212693862875,2252,34.25309946884591,0.0019417406749555948,0.0012384547013663324
CGCGC,modified,808.0259437898883,88.25703045068865,1216,37.767904204782425,0.0024098684210526315,0.0022892774892969937
CGCGG,control,734.4013888888888,130.36696393941156,10,46.9968938757189,0.0024,0.001131370849898476
CGCGT,control,814.9791666666666,129.40130569923417,8,45.3503622660898,0.0024,0.0006414269805898185
CGCGT,modified,842.361111111111,141.06554655877503,3,48.62415445077843,0.0019999999999999996,0.0006928203230275509
CGCTA,control,824.7846700083542,114.31708485959662,19,32.63951097788729,0.0023368421052631576,0.001623511463982996
CGCTA,modified,797.4722222222222,107.04810992963009,2,72.47701021559216,0.003,0.0008485281374238573
CGCTC,control,790.2314814814815,72.26416116718946,9,48.61493613042665,0.002133333333333333,0.0005291502622129181
CGCTG,control,775.0848484848484,132.01045527923273,11,37.52514642284915,0.002618181818181818,0.0011779797806568515
CGCTG,modified,764.2146464646463,82.01237487998849,3,51.155505521537776,0.0063999999999999994,0.005919459434779497
CGCTT,control,824.9677960927961,107.07958455981098,13,52.811797929245294,0.0032307692307692306,0.002369030960605558
CGCTT,modified,751.8888888888888,132.78758971184578,3,11.766074262930184,0.0019999999999999996,0.0006928203230275509
CTCAA,control,780.8635416666667,109.57999292228534,8,55.45481331503452,0.00345,0.001351189951751524
CTCAA,modified,766.9027777777778,123.48834259221724,2,12.10019507278955,0.003,0.000848528137423857
CTCAC,control,829.9819444444444,115.05022096395648,12,47.89458704782552,0.0029999999999999996,0.0014917957452193465
CTCAC,modified,870.6666666666666,,1,19.35917812764214,0.0036,
CTCAG,control,816.0820707070707,85.78408431914832,11,48.06348672961976,0.004363636363636364,0.002164843055407356
CTCAG,modified,748.6333333333333,,1,76.76804167244481,0.012,
CTCAT,control,805.5509722222222,104.98776022937936,20,64.01377016045242,0.0034200000000000003,0.0019956795439411766
CTCAT,modified,856.8333333333334,,1,94.01492198345726,0.0024,
CTCCA,control,785.2600769927536,81.52328498883789,16,64.60613737880861,0.004274999999999999,0.006288561043672868
CTCCA,modified,858.5916666666666,106.40133177163607,5,34.41976816700054,0.0036,0.003394112549695428
CTCCC,control,829.2145833333334,67.80416014455861,10,32.47747063956747,0.00324,0.002469007897921754
CTCCC,modified,802.1111111111112,134.4459136742493,3,64.9981233843764,0.0015999999999999999,0.0006928203230275509
CTCCG,control,823.4888279967159,97.26994207455549,20,49.032106524211855,0.00486,0.007257402754211875
CTCCT,control,814.2710069444445,98.62356428914657,16,44.76588161239252,0.00345,0.0014449913494550754
CTCCT,modified,732.9,106.29460138666786,5,26.519884226447346,0.0024000000000000002,0.0012000000000000001
CTCGA,control,816.4369047619048,131.12453366029337,10,47.386588967757504,0.0037199999999999998,0.001995995991979944
CTCGA,modified,897.5555555555555,77.68532203228136,3,18.97203042483367,0.0063999999999999994,0.007989993742175272
CTCGC,control,747.109595959596,77.81924922500784,11,53.822750179540456,0.0028363636363636364,0.0011092995332846105
CTCGC,modified,886.8333333333334,,1,18.40667149583421,0.0012,
CTCGG,control,795.8416900093371,99.64335796698175,17,63.37278432978389,0.0038117647058823526,0.002131279648750128
CTCGG,modified,762.5833333333333,118.91179036953767,2,68.07192810088652,0.0024,0.001697056274847714
CTCGT,control,881.1097883597884,78.93338223500803,9,41.54855984922714,0.0034666666666666665,0.0021999999999999997
CTCGT,modified,756.125,118.85286480443881,2,23.979274296425753,0.0018,0.000848528137423857
CTCTA,control,796.3369587907135,86.31875527861682,2193,50.58211998998196,0.0043233926128590965,0.0034905875756974323
CTCTA,modified,833.6567313064562,88.51441722932238,1192,49.27679386862545,0.004207046979865772,0.0031410102293044817
CTCTC,control,804.6628541912632,108.76040776518987,11,39.63207103100793,0.004254545454545454,0.004203894298472224
CTCTC,modified,938.4388888888889,197.64333078478447,3,90.11040788149403,0.0032,0.002497999199359359
CTCTG,control,863.3939393939395,81.35740367314745,11,32.839980803686665,0.002618181818181818,0.00048542390097353435
CTCTG,modified,962.025,3.9244426355853066,2,66.49142806427272,0.0042,0.0025455844122715715
CTCTT,control,751.9873737373738,118.58979014958099,11,57.970805949522735,0.0032727272727272726,0.0016180796699117811
CTCTT,modified,767.7314814814814,151.44838874921226,3,36.5267069540212,0.0024,0.0012000000000000003
GACAA,control,827.4772727272727,133.47929557981962,11,28.19801490657418,0.0022909090909090904,0.0003618136134933163
GACAA,modified,781.0925925925925,119.98513711111056,3,56.53537235127192,0.0028,0.0006928203230275511
GACAC,control,839.8910256410256,131.01871767172,13,24.90514186181864,0.0019384615384615382,0.0006076436202501999
GACAG,control,753.28125,109.34391567672009,12,59.47561422160863,0.0029999999999999996,0.0022595252920590524
GACAG,modified,885.3333333333334,,1,29.78627573602014,0.0012,
GACAT,control,833.1820175438597,85.49306390961385,19,27.696509463179687,0.0021473684210526313,0.0010259783520851539
GACAT,modified,866.2222222222222,135.54253978951627,3,34.33808727756408,0.0024,0.0
GACCA,control,838.440170940171,116.43707007134633,13,26.064400825598753,0.001846153846153846,0.0007922703501282297
GACCA,modified,796.2916666666667,88.68297547381276,2,16.895718816454938,0.0018,0.000848528137423857
GACCC,control,698.4791666666666,147.4069571353563,8,20.76399069591529,0.0018,0.0006414269805898184
GACCC,modified,775.138888888889,137.03766547653703,3,48.54127177065627,0.0024,0.0012000000000000003
GACCG,control,766.875,118.93497289602323,8,17.963726442733446,0.0017999999999999997,0.0006414269805898185
GACCG,modified,700.6666666666666,,1,45.30513829087773,0.0012,
GACCT,control,729.6875,62.75269155676947,8,41.665326066791614,0.0018,0.0009071147352221453
GACCT,modified,806.9583333333333,146.2156179908441,4,10.279044961685205,0.0014999999999999998,0.0006
GACGA,control,861.5868055555555,97.62901729718112,12,26.58262843293548,0.0023,0.0010804039648542238
GACGA,modified,926.8958333333334,6.275572683030609,2,39.42112953920197,0.0036,0.0016970562748477138
GACGC,control,723.0208333333334,111.26607918401784,8,65.72180413402606,0.0016499999999999998,0.0006210590034081187
GACGC,modified,828.3055555555555,139.05914841986942,3,47.647260474339845,0.0019999999999999996,0.0006928203230275508
GACGG,control,756.2103703703704,118.49734977700567,15,23.09339698986294,0.00232,0.0013197402341803047
GACGG,modified,947.0,,1,79.03866845482096,0.0036,
GACGT,control,743.4047619047618,128.6061352700583,7,21.51066904072192,0.0018857142857142857,0.0006414269805898185
GACTA,control,800.6006944444445,164.40524450834116,8,25.994026675458038,0.00195,0.0008928285709714139
GACTC,control,736.389880952381,65.9631958856698,8,38.13055983229859,0.0025499999999999997,0.002437211521390788
GACTC,modified,860.6875,126.54627639501858,4,44.5282960119357,0.0021,0.0006
GACTG,control,760.0,84.18700249378695,7,38.6260053999565,0.0022285714285714283,0.000828078671210825
GACTT,control,765.0883838383838,114.18941907520052,11,33.92305322333522,0.0022909090909090904,0.0006472318679647123
GACTT,modified,855.1458333333334,53.29817363193602,2,71.21030398688674,0.0029999999999999996,0.0025455844122715707
GCCAA,control,832.1296296296297,64.41700205940188,9,37.46596003336872,0.0022666666666666664,0.000938083151964686
GCCAA,modified,830.1666666666667,92.15958381464668,2,56.421487297519704,0.0018,0.000848528137423857
GCCAC,control,775.758547008547,96.56270044035784,13,63.708555881950005,0.0031384615384615383,0.0015130204126946765
GCCAG,control,850.3,121.38934782521939,10,37.34336190356838,0.00228,0.0006811754546370562
GCCAG,modified,872.7592592592592,21.817589272100882,3,35.44315804369648,0.0028,0.0006928203230275509
GCCAT,control,789.2736111111111,116.5797052241907,20,27.335865315513605,0.0018,0.0008258966419340224
GCCCA,control,726.4015151515151,94.60448969101292,11,40.900472047058265,0.0018545454545454544,0.0012428705776255516
GCCCA,modified,687.1203703703703,5.722327099602258,2,13.083942319460313,0.0066,0.0059396969619669995
GCCCC,control,787.0759573759574,119.9828447424806,13,65.10171754574412,0.004153846153846154,0.0041746487645899395
GCCCC,modified,636.0833333333334,,1,5.171368828033401,0.0024,
GCCCG,control,770.5416666666666,112.19084837157322,9,53.11924308232292,0.003333333333333333,0.0018761663039293715
GCCCG,modified,881.0,63.16820578599819,2,15.58799381602255,0.0018,0.0008485281374238569
GCCCT,control,792.3348484848485,113.01609532730419,11,42.89381533073926,0.0018545454545454544,0.0014562717029206029
GCCCT,modified,762.28125,4.168983730745633,2,58.463991989975035,0.005999999999999999,0.005091168824543141
GCCGA,control,834.5126262626262,121.4947868640012,11,38.036301581876394,0.002509090909090909,0.0013634181643608432
GCCGA,modified,880.8333333333334,,1,16.195849948537912,0.0024,
GCCGC,control,754.4896296296297,93.49301152499231,9,39.74251863058729,0.005333333333333333,0.009374433316206372
GCCGG,control,835.6654040404042,83.38773512566661,11,40.82763803754112,0.0031636363636363633,0.0016341803616937312
GCCGG,modified,842.0,,1,53.87021440462252,0.0012,
GCCGT,control,808.0708333333333,73.71552356425242,10,61.699167581392885,0.00276,0.0016049922118191104
GCCGT,modified,815.0,19.327585352432244,2,46.43793384500418,0.0012,0.0
GCCTA,control,783.1353535353536,114.47696901028726,11,18.796018150112165,0.002509090909090909,0.0013634181643608432
GCCTA,modified,700.0,,1,16.237815945091466,0.0012,
GCCTC,control,813.5984848484849,111.83208561264853,11,37.62177474648728,0.002618181818181818,0.0011779797806568512
GCCTC,modified,920.25,,1,53.05205776719065,0.0024,
GCCTG,control,884.5805555555556,64.94387482720768,13,38.981465333608924,0.003876923076923077,0.0033995474811985013
GCCTG,modified,770.5625,,1,121.43309307495218,0.0096,
GCCTT,control,843.7541666666666,103.76113602291292,8,57.175856690406704,0.0045,0.0033789262876160625
GCCTT,modified,935.9027777777778,200.0576633694383,4,31.93084717250689,0.0036,0.0009797958971132711
GGCAA,control,812.5454545454545,99.6328842107947,11,31.350081571493593,0.0019636363636363636,0.0006054299749314155
GGCAC,control,810.2559523809524,95.493492932557,7,46.73804314528297,0.0024,0.0012
GGCAG,control,728.1269841269841,102.7919282903033,14,49.18994238409867,0.0024,0.0021049392463368703
GGCAG,modified,923.3333333333334,,1,11.64283279771532,0.0024,
GGCAT,control,837.5714285714286,103.59166353214796,14,22.831684789050286,0.0022285714285714283,0.0009243946638235717
GGCAT,modified,1053.8333333333333,,1,94.05568681489824,0.0012,
GGCCA,control,807.8807692307693,81.50307931190048,13,50.586584331811416,0.002123076923076923,0.0013103141138380051
GGCCA,modified,827.1666666666666,87.34716811538753,3,29.686759987312545,0.0015999999999999999,0.0006928203230275509
GGCCC,control,779.2335858585859,98.00974394471635,11,48.55398333735101,0.0021818181818181815,0.0011779797806568512
GGCCG,control,694.4756944444445,92.46074525090468,12,24.444373886268167,0.0021999999999999997,0.0023908918077494923
GGCCG,modified,989.8333333333334,50.67598598503596,2,29.215683492784528,0.0012,0.0
GGCCT,control,764.5104166666666,87.92319923258964,8,66.1066831417623,0.00195,0.0006210590034081188
GGCCT,modified,830.9166666666666,177.8373554684167,2,9.895610380583735,0.0018,0.000848528137423857
GGCGA,control,810.9090909090909,83.74210953332202,11,46.48710157007851,0.0019636363636363636,0.0008090398349558905
GGCGC,control,838.8784722222222,91.7248539919081,8,62.05229836390599,0.00225,0.0007690439333539868
GGCGC,modified,802.0416666666667,197.5774197765411,2,8.064596809105755,0.0024,0.0
GGCGG,control,825.0833333333333,91.14950325944977,11,32.59398074565286,0.0019636363636363636,0.0006054299749314156
GGCGG,modified,695.6388888888888,42.783883041960436,3,11.865692187095064,0.0019999999999999996,0.0006928203230275509
GGCGT,control,805.5625,102.05296162292451,12,37.355945784933596,0.0022999999999999995,0.001300349603340998
GGCGT,modified,719.8333333333334,,1,44.38249154289961,0.0024,
GGCTA,control,818.5833333333334,129.78902363669147,12,50.37441244474991,0.0018999999999999998,0.0006179143806533246
GGCTA,modified,927.5833333333334,,1,48.96164882390661,0.0024,
GGCTC,control,820.9291666666667,106.03792775708074,8,59.13908429100244,0.0026999999999999997,0.0017856571419428279
GGCTC,modified,887.6666666666667,5.185449728701335,2,12.342541457639989,0.0012,0.0
GGCTG,control,797.3846153846154,165.85279945235274,13,39.14481640824527,0.001846153846153846,0.0006226494259953249
GGCTG,modified,851.5,8.48528137423857,2,36.13827267235381,0.0012,0.0
GGCTT,control,797.8515151515152,127.93935084401642,11,23.95885532147621,0.0029454545454545454,0.0012428705776255519
GTCAA,control,745.1102564102565,87.20925363149087,13,52.455296305620124,0.002769230769230769,0.001237864165531781
GTCAA,modified,627.2083333333334,42.60318356648949,2,5.616667857173244,0.0024,0.0
GTCAC,control,862.6643518518518,88.96770137580208,12,34.28331683032263,0.0029999999999999996,0.0014917957452193465
GTCAC,modified,940.9861111111111,59.65231373509845,2,43.49991092442883,0.0078,0.009333809511662426
GTCAG,control,770.9016854036021,87.20597191471721,2148,53.75650337353622,0.0030787709497206704,0.0020737353209429026
GTCAG,modified,800.6268307728967,87.60779182872501,1115,54.31989951527466,0.003547264573991031,0.003984631512661763
GTCAT,control,833.2435185185185,81.27967544492347,9,59.08888578542787,0.0034666666666666665,0.0012649110640673518
GTCCA,control,867.8474025974027,121.65122127501873,11,42.772227747701756,0.002618181818181818,0.00199490259502472
GTCCA,modified,703.7083333333333,22.686342563068386,2,13.490125105906042,0.0024,0.0
GTCCC,control,820.2601851851852,111.80776006732623,15,52.758321838658844,0.0025599999999999998,0.0010985704997209522
GTCCC,modified,719.0039393939394,132.99847991011853,5,47.83481943088064,0.00624,0.005903219460599444
GTCCG,control,808.8803418803419,86.28759410945746,13,45.68378602218733,0.0028615384615384614,0.001590355548055456
GTCCG,modified,695.3333333333334,,1,16.00694293805729,0.0012,
GTCCT,control,825.7327777777779,88.44275605591129,10,56.47854185122925,0.006,0.00761051903617618
GTCCT,modified,930.9444444444445,81.82473365087749,3,15.061338441847484,0.0024,0.0012
GTCGA,control,826.7291666666666,104.84608787872406,18,55.99590695605874,0.0032666666666666664,0.0017849040178511493
GTCGA,modified,820.1944444444445,93.65537611535515,3,63.51703899755839,0.004,0.0030199337741083003
GTCGC,control,830.7375,110.36763889587039,10,64.23575288309863,0.00516,0.0037544640096823408
GTCGC,modified,653.6388888888889,,1,87.5652622580495,0.0072,
GTCGG,control,770.5434736394558,100.69381883794138,14,53.24879048128786,0.004885714285714285,0.005715681148298161
GTCGG,modified,1076.3333333333333,,1,14.185281887302144,0.0012,
GTCGT,control,814.2080433455433,80.47961604069835,13,34.02784088369436,0.005538461538461538,0.0031574088695053054
GTCGT,modified,954.4027777777778,124.2294607250513,3,35.030901645887326,0.0084,0.007299315036357863
GTCTA,control,787.8115384615384,77.21398488778256,13,81.33352827047605,0.0036923076923076922,0.002703843418315719
GTCTC,control,843.7878787878788,59.36826670427777,11,52.681322129205505,0.0035999999999999995,0.001419859147943908
GTCTC,modified,694.5,,1,133.08362032947556,0.0048,
GTCTG,control,776.104938271605,102.8725761923055,9,31.597630190840285,0.0024,0.0006000000000000001
GTCTT,control,887.5052777777777,124.85022558222349,10,27.2787583794588,0.00264,0.0016780941570722426
GTCTT,modified,798.3958333333333,25.308530209968445,2,149.28016068770455,0.005999999999999999,0.005091168824543142
TACAA,control,861.1944444444445,102.47795005226043,11,21.80433942096357,0.0024,0.0017798876369029592
TACAA,modified,800.75,,1,112.26391895885338,0.0024,
TACAC,control,775.1542735042735,101.60185695243136,13,67.10462893296565,0.0026769230769230767,0.0013989006672823759
TACAC,modified,804.3148148148148,145.82143161310506,3,48.643144051584095,0.0024,0.0012000000000000001
TACAG,control,848.823717948718,50.02022205028797,13,21.28160289205818,0.0017538461538461536,0.001052469623168435
TACAG,modified,999.1666666666666,,1,5.520165053893065,0.0012,
TACAT,control,902.2055555555555,80.62671314414338,10,24.746597704717885,0.0018,0.0008485281374238571
TACAT,modified,906.1666666666666,7.7781745930520225,2,23.243691185195004,0.0024,0.0
TACCA,control,903.5982142857142,122.34759978833019,11,25.64776972659254,0.002727272727272727,0.003133397807202561
TACCC,control,775.3888888888888,72.71985184151468,6,55.155234668454085,0.0028,0.0022342784070030304
TACCC,modified,832.0833333333334,,1,49.68141559532655,0.0024,
TACCG,control,856.6378787878788,143.86836493591147,10,43.328111462537024,0.0034799999999999996,0.0038966652409464174
TACCG,modified,920.5,,1,30.39599754353633,0.0012,
TACCT,control,788.8238888888889,123.06824475584249,10,48.20936807026885,0.0028799999999999997,0.0033081717005016536
TACCT,modified,855.5,150.26019100214134,2,37.32868805817057,0.0024,0.0
TACGA,control,838.9761904761906,86.62537363349638,7,28.52402616471677,0.0018857142857142855,0.0006414269805898185
TACGC,control,788.8653846153846,108.88080436148769,13,22.502461003465758,0.001846153846153846,0.0006226494259953249
TACGC,modified,937.3055555555555,37.3443374159596,3,9.682618433672957,0.0015999999999999999,0.0006928203230275509
TACGG,control,817.0357142857143,140.95873655099538,7,23.221353481810148,0.0013714285714285714,0.0004535573676110726
TACGT,control,786.1477777777778,95.22334019828605,15,50.49399887131871,0.00224,0.0011885164822464302
TACGT,modified,1067.1666666666667,,1,53.82507676621454,0.0012,
TACTA,control,813.2164862914863,96.944401716486,11,32.69803806115142,0.0033818181818181816,0.0022008262911089468
TACTC,control,829.2449494949495,100.30543771969279,11,36.498891718395654,0.002509090909090909,0.0016501239622855888
TACTG,control,842.0347222222222,83.97495010638806,12,30.209290476697532,0.0018999999999999998,0.0006179143806533247
TACTG,modified,902.5833333333334,,1,20.560716319125547,0.0024,
TACTT,control,769.9586419753086,122.51864370948978,9,36.246805487027146,0.002666666666666666,0.0014422205101855957
TACTT,modified,845.8333333333333,30.641293851417128,2,61.676277882747144,0.0024,0.001697056274847714
TCCAA,control,806.1888888888889,79.65135448694477,10,46.77229824486035,0.00252,0.001193314711214104
TCCAA,modified,894.4166666666666,,1,22.164003599430217,0.0024,
TCCAC,control,863.7541666666666,65.37535983542354,10,25.08994135449663,0.0028799999999999997,0.0018066543665017942
TCCAC,modified,996.4444444444443,159.17190945408433,3,11.632523846863139,0.0024,0.0
TCCAG,control,756.6313131313132,121.91531421929602,11,31.17385914945709,0.0018545454545454544,0.0008250619811427944
TCCAG,modified,796.7962962962962,8.413747813155267,3,65.71129935719573,0.0024,0.0012
TCCAT,control,817.0782828282828,106.61577693613046,11,46.89774423762453,0.002618181818181818,0.0015936236580938311
TCCAT,modified,792.9583333333334,132.405744777181,2,25.7300703720822,0.0018,0.0008485281374238569
TCCCA,control,828.890625,55.375651387744995,8,33.47783417013244,0.0018,0.001282853961179637
TCCCA,modified,857.6111111111112,129.81068836892754,3,14.287563269688164,0.0019999999999999996,0.0006928203230275508
TCCCC,control,761.7947530864197,114.42977753275959,9,31.02904329080921,0.0024,0.0012
TCCCC,modified,921.1875,33.49918375871269,2,22.417897396723347,0.0029999999999999996,0.0025455844122715707
TCCCG,control,739.5,83.40620623248152,8,28.57655284495802,0.0014999999999999998,0.0005554920598635309
TCCCG,modified,875.8333333333334,111.28450359659577,4,21.442161015649262,0.0021,0.0018
TCCCT,control,808.4042735042735,108.37350105650397,13,46.87755951990237,0.002492307692307692,0.002998461143781795
TCCCT,modified,844.0,119.73674828092199,2,22.471124993157304,0.0012,0.0
TCCGA,control,803.3238095238095,108.53860822292444,14,39.14817871342818,0.0024,0.00124529885199065
TCCGA,modified,915.3333333333334,,1,5.405758246742286,0.0012,
TCCGC,control,845.65625,148.06837918905782,8,50.03054830491321,0.0024,0.0011109841197270616
TCCGC,modified,838.7777777777777,94.14857249955358,3,15.740887507304704,0.0015999999999999999,0.0006928203230275509
TCCGG,control,829.5231481481482,87.74318124055029,18,51.34533814798756,0.0021999999999999997,0.0009430862975920508
TCCGG,modified,902.5,188.81626871997372,3,13.957054007296842,0.0012,0.0
TCCGT,control,845.686111111111,104.7265487664632,15,35.21750634336854,0.0030399999999999997,0.0032028558684845175
TCCGT,modified,917.75,,1,67.14924298406746,0.0024,
TCCTA,control,843.6583333333334,93.64624670324456,10,36.51186012033153,0.0018,0.0006324555320336758
TCCTA,modified,868.5,88.94302171115571,3,80.62671332494733,0.0015999999999999999,0.0006928203230275508
TCCTC,control,720.9235209235209,109.85144845849514,11,31.18548438992832,0.002618181818181818,0.002065825830905491
TCCTC,modified,840.4691358024692,146.3845166884422,3,29.18797051677569,0.0124,0.017362027531368562
TCCTG,control,818.125,118.51160014398114,12,23.843779373933504,0.0019999999999999996,0.000590839156700797
TCCTG,modified,867.25,,1,23.04027271250639,0.0024,
TCCTT,control,814.6067251461988,132.23697145897248,19,33.94077821439956,0.001894736842105263,0.0007283723744002608
TCCTT,modified,771.313492063492,95.71367887551446,3,76.94255440066667,0.01,0.013163586137523468
TGCAA,control,916.0906432748538,80.8877658366583,19,24.871030704954432,0.0021473684210526313,0.0007567242423415337
TGCAA,modified,884.888888888889,34.09803404781464,3,26.97548813302434,0.0012,0.0
TGCAC,control,782.9722222222222,69.73635868198326,9,31.868894311087168,0.0018666666666666666,0.0006324555320336759
TGCAC,modified,867.25,2.4748737341529163,2,17.68071459133386,0.0012,0.0
TGCAG,control,795.0096153846154,129.62276569765152,13,48.13983105319415,0.002215384615384615,0.0009607689228305228
TGCAT,control,873.2442307692307,53.65457047346764,13,24.60954689261066,0.0026769230769230767,0.0013103141138380051
TGCAT,modified,976.4166666666666,,1,67.76486101873809,0.0048,
TGCCA,control,869.3640350877193,116.89631897899183,19,36.28388533869683,0.0013894736842105261,0.000449561189559213
TGCCA,modified,775.4444444444443,102.16847922988848,3,12.767892784098875,0.0015999999999999999,0.0006928203230275509
TGCCC,control,810.1018518518518,75.39273075243159,9,37.08112358136697,0.0022666666666666664,0.0019390719429665318
TGCCG,control,784.8484848484849,132.29439403058316,11,33.04789466318316,0.0019636363636363636,0.001801817264470916
TGCCG,modified,815.3333333333334,,1,48.56496222129237,0.0024,
TGCCT,control,813.758547008547,106.87221850675928,13,31.023402647948544,0.002215384615384615,0.0011845154803027788
TGCCT,modified,881.5,,1,6.3966136874651625,0.0012,
TGCGA,control,793.7222222222222,121.40302104362361,6,33.39120513778963,0.0017999999999999997,0.0006572670690061993
TGCGA,modified,786.3055555555555,152.22437650543736,2,21.179471749650535,0.0024,0.001697056274847714
TGCGC,control,876.0745614035088,74.08562412998249,19,28.282487960864433,0.001894736842105263,0.0009222398363709266
TGCGC,modified,786.3333333333334,,1,30.13672547278855,0.0012,
TGCGG,control,829.2142857142857,103.21742891718984,7,38.655691447395625,0.004285714285714286,0.0066038949546028194
TGCGG,modified,752.6388888888888,111.35966297110019,3,11.818229366486065,0.0015999999999999999,0.0006928203230275508
TGCGT,control,798.9616161616162,107.21517695490923,11,49.07115058940367,0.0028363636363636364,0.0012322927633259294
TGCGT,modified,935.1944444444445,36.28497674020252,3,25.02065034890582,0.0019999999999999996,0.0006928203230275509
TGCTA,control,852.4270833333333,48.7374207926094,8,32.08159724672503,0.0025499999999999997,0.001001427552475536
TGCTA,modified,886.8333333333333,35.82674358011834,2,27.758890177637106,0.0012,0.0
TGCTC,control,738.3868421052632,113.48539390754915,19,35.716463336069545,0.0028421052631578945,0.002689550931015495
TGCTC,modified,859.8055555555555,143.01884912032992,3,35.81038029479429,0.0015999999999999999,0.0006928203230275508
TGCTG,control,861.25,62.42593389147034,11,31.78867241417589,0.0022909090909090904,0.0006472318679647125
TGCTG,modified,866.9722222222222,159.4576818933939,3,53.48944692016644,0.0031999999999999997,0.002497999199359359
TGCTT,control,867.5909090909091,42.47655324714537,11,22.82715790946955,0.0015272727272727272,0.0005605192397962965
TGCTT,modified,722.3333333333334,,1,62.068958067262216,0.0024,
TTCAA,control,784.1089743589744,125.59216857060716,13,45.484313112153174,0.0023076923076923075,0.0003328201177351375
TTCAA,modified,870.2777777777778,,1,24.609857003412166,0.0036,
TTCAC,control,733.2335164835165,110.29144079172342,11,33.392334320255195,0.005127272727272727,0.004090254493082529
TTCAC,modified,737.4166666666667,117.6743535024613,2,48.37988351650209,0.0048,0.0
TTCAG,control,817.5905303030304,68.37779322848274,11,68.76888442216578,0.004690909090909091,0.0026538479781082203
TTCAT,control,747.5861111111111,108.01202148362663,10,43.6892133943527,0.00492,0.0055842636040932024
TTCAT,modified,865.4444444444443,83.63849680708134,3,40.72379183459525,0.0031999999999999997,0.0006928203230275509
TTCCA,control,897.5161879060245,78.8422381063591,2218,23.979388370392254,0.002811181244364292,0.002144988463782693
TTCCA,modified,940.3477168203211,80.34478652348875,1147,23.143713556396477,0.0027044463818657366,0.0019165321274851597
TTCCC,control,834.5131788981553,78.75866702595394,2188,40.3747111762335,0.004883912248628885,0.011234699369285409
TTCCC,modified,876.6402869754921,77.58398649073024,1211,41.36895167091972,0.0059227085053674645,0.020652179072110803
TTCCG,control,825.9434343434343,98.50562250726773,11,44.20033858674142,0.004690909090909091,0.006450031712395614
TTCCT,control,730.9061577311577,90.6069403091943,11,30.527390607265307,0.003709090909090909,0.004274916267122561
TTCGA,control,806.1840811965812,68.65161317350373,13,49.79241432638063,0.004892307692307692,0.0023218030129124284
TTCGA,modified,789.9074074074074,143.6749732639155,3,33.295095839244645,0.0028,0.0006928203230275511
TTCGC,control,829.7041666666667,84.28221859815893,10,28.00476940495916,0.0024,0.0013856406460551018
TTCGC,modified,874.9444444444445,,1,39.60705916629597,0.0036,
TTCGG,control,723.7281746031747,97.05862156254238,7,37.72156591030407,0.003428571428571429,0.0016142225019229182
TTCGT,control,816.4401041666666,92.22164821869978,16,28.866995497255147,0.0024,0.0008763560920082658
TTCGT,modified,851.318888888889,87.31904901559373,5,50.503579982066746,0.0033599999999999997,0.0015646085772486357
TTCTA,control,779.5513071895425,114.31088576963064,17,22.619473481101103,0.002329411764705882,0.0013728459062665923
TTCTA,modified,912.6944444444445,29.357155730632204,3,38.27276698051927,0.0024,0.0
TTCTC,control,833.3020833333334,91.73709303685366,20,39.73562176174339,0.0024599999999999995,0.0010644494499876204
TTCTC,modified,792.6428571428571,,1,118.50795059295176,0.0084,
TTCTG,control,778.158950617284,62.382822683246346,9,64.83225676102808,0.0036,0.0015874507866387542
TTCTG,modified,797.4880952380952,79.44849762903137,2,71.1752774335646,0.006,0.003394112549695428
TTCTT,control,804.6507936507936,74.19374524252616,7,34.46002740560333,0.0030857142857142854,0.001360672102833218
